model,criterion,requested_coverage,coverage,accepted_n,referred_n,risk,accepted_acc,accepted_f1,accepted_acc_ci_low,accepted_acc_ci_high
baseline,entropy,0.1,0.1,60,540,0.08333333333333337,0.9166666666666666,0.9565217391304348,0.8193105798166558,0.9638795433982692
baseline,free_energy,0.1,0.1,60,540,0.08333333333333337,0.9166666666666666,0.9565217391304348,0.8193105798166558,0.9638795433982692
baseline,entropy,0.15000000000000002,0.15,90,510,0.05555555555555558,0.9444444444444444,0.9714285714285714,0.8764626377820048,0.976039028383038
baseline,free_energy,0.15000000000000002,0.15,90,510,0.05555555555555558,0.9444444444444444,0.9714285714285714,0.8764626377820048,0.976039028383038
baseline,entropy,0.2,0.2,120,480,0.05833333333333335,0.9416666666666667,0.9699570815450643,0.8844740796636988,0.9714589899997798
baseline,free_energy,0.2,0.2,120,480,0.05833333333333335,0.9416666666666667,0.9699570815450643,0.8844740796636988,0.9714589899997798
baseline,entropy,0.25,0.25,150,450,0.046666666666666634,0.9533333333333334,0.9761092150170648,0.9068135276008725,0.9772134508387381
baseline,free_energy,0.25,0.25,150,450,0.046666666666666634,0.9533333333333334,0.9761092150170648,0.9068135276008725,0.9772134508387381
baseline,entropy,0.30000000000000004,0.3,180,420,0.05555555555555558,0.9444444444444444,0.9714285714285714,0.9007683865825439,0.9695467263760221
baseline,free_energy,0.30000000000000004,0.3,180,420,0.05555555555555558,0.9444444444444444,0.9714285714285714,0.9007683865825439,0.9695467263760221
baseline,entropy,0.35,0.35,210,390,0.06666666666666665,0.9333333333333333,0.9655172413793104,0.8912216570902916,0.9598761655849963
baseline,free_energy,0.35,0.35,210,390,0.06666666666666665,0.9333333333333333,0.9655172413793104,0.8912216570902916,0.9598761655849963
baseline,entropy,0.4,0.4,240,360,0.0708333333333333,0.9291666666666667,0.9632829373650108,0.8895031557540064,0.9553080629628224
baseline,free_energy,0.4,0.4,240,360,0.0708333333333333,0.9291666666666667,0.9632829373650108,0.8895031557540064,0.9553080629628224
baseline,entropy,0.45000000000000007,0.45,270,330,0.0888888888888889,0.9111111111111111,0.9534883720930233,0.8711481619755067,0.9395398943766949
baseline,free_energy,0.45000000000000007,0.45,270,330,0.08518518518518514,0.9148148148148149,0.9555125725338491,0.8754242455466341,0.9425673068087406
baseline,entropy,0.5,0.5,300,300,0.09999999999999998,0.9,0.9473684210526315,0.8608335376153785,0.9290520854049847
baseline,free_energy,0.5,0.5,300,300,0.09999999999999998,0.9,0.9473684210526315,0.8608335376153785,0.9290520854049847
baseline,entropy,0.55,0.55,330,270,0.10303030303030303,0.896969696969697,0.9456869009584664,0.8594735719747536,0.925330091792843
baseline,free_energy,0.55,0.55,330,270,0.10303030303030303,0.896969696969697,0.9456869009584664,0.8594735719747536,0.925330091792843
baseline,entropy,0.6,0.6,360,240,0.11944444444444446,0.8805555555555555,0.9364844903988183,0.8429725655387708,0.9101026911626124
baseline,free_energy,0.6,0.6,360,240,0.11944444444444446,0.8805555555555555,0.9364844903988183,0.8429725655387708,0.9101026911626124
baseline,entropy,0.65,0.65,390,210,0.14358974358974363,0.8564102564102564,0.9226519337016574,0.8181268662215616,0.8877409234022987
baseline,free_energy,0.65,0.65,390,210,0.14358974358974363,0.8564102564102564,0.9226519337016574,0.8181268662215616,0.8877409234022987
baseline,entropy,0.7000000000000001,0.7,420,180,0.18095238095238098,0.819047619047619,0.900523560209424,0.7793912862957219,0.8529206181264862
baseline,free_energy,0.7000000000000001,0.7,420,180,0.18095238095238098,0.819047619047619,0.900523560209424,0.7793912862957219,0.8529206181264862
baseline,entropy,0.75,0.75,450,150,0.20666666666666667,0.7933333333333333,0.8847583643122676,0.7535150043771228,0.8281859285566011
baseline,free_energy,0.75,0.75,450,150,0.20666666666666667,0.7933333333333333,0.8847583643122676,0.7535150043771228,0.8281859285566011
baseline,entropy,0.8,0.8,480,120,0.24791666666666667,0.7520833333333333,0.8585017835909632,0.7115545643923058,0.788609271484525
baseline,free_energy,0.8,0.8,480,120,0.24791666666666667,0.7520833333333333,0.8585017835909632,0.7115545643923058,0.788609271484525
baseline,entropy,0.85,0.85,510,90,0.2823529411764706,0.7176470588235294,0.8356164383561644,0.677064838899032,0.754975036804083
baseline,free_energy,0.85,0.85,510,90,0.28431372549019607,0.7156862745098039,0.8342857142857143,0.6750378753799117,0.7531097491907429
baseline,entropy,0.9,0.9,540,60,0.31481481481481477,0.6851851851851852,0.8131868131868132,0.6448211671386471,0.7229330685051282
baseline,free_energy,0.9,0.9,540,60,0.31481481481481477,0.6851851851851852,0.8131868131868132,0.6448211671386471,0.7229330685051282
baseline,entropy,0.9500000000000001,0.95,570,30,0.3421052631578947,0.6578947368421053,0.7936507936507936,0.6180074060895999,0.695668082554806
baseline,free_energy,0.9500000000000001,0.95,570,30,0.3421052631578947,0.6578947368421053,0.7936507936507936,0.6180074060895999,0.695668082554806
baseline,entropy,1.0,1.0,600,0,0.375,0.625,0.7692307692307693,0.5855828242149006,0.6628267505316743
baseline,free_energy,1.0,1.0,600,0,0.375,0.625,0.7692307692307693,0.5855828242149006,0.6628267505316743
classical_control,entropy,0.1,0.1,60,540,0.033333333333333326,0.9666666666666667,0.9830508474576272,0.886362257256914,0.9908106807438021
classical_control,free_energy,0.1,0.1,60,540,0.033333333333333326,0.9666666666666667,0.9830508474576272,0.886362257256914,0.9908106807438021
classical_control,entropy,0.15000000000000002,0.15,90,510,0.05555555555555558,0.9444444444444444,0.9714285714285714,0.8764626377820048,0.976039028383038
classical_control,free_energy,0.15000000000000002,0.15,90,510,0.0444444444444444,0.9555555555555556,0.9772727272727273,0.8912314496718777,0.9825827581472913
classical_control,entropy,0.2,0.2,120,480,0.04166666666666663,0.9583333333333334,0.9787234042553191,0.9061591476629647,0.9820732831198906
classical_control,free_energy,0.2,0.2,120,480,0.050000000000000044,0.95,0.9743589743589743,0.8951971146376326,0.9768856355855343
classical_control,entropy,0.25,0.25,150,450,0.046666666666666634,0.9533333333333334,0.9761092150170648,0.9068135276008725,0.9772134508387381
classical_control,free_energy,0.25,0.25,150,450,0.046666666666666634,0.9533333333333334,0.9761092150170648,0.9068135276008725,0.9772134508387381
classical_control,entropy,0.30000000000000004,0.3,180,420,0.050000000000000044,0.95,0.9743589743589743,0.9077191903535553,0.9734748615169928
classical_control,free_energy,0.30000000000000004,0.3,180,420,0.050000000000000044,0.95,0.9743589743589743,0.9077191903535553,0.9734748615169928
classical_control,entropy,0.35,0.35,210,390,0.06190476190476191,0.9380952380952381,0.9680589680589681,0.8969814042650159,0.9634691417363739
classical_control,free_energy,0.35,0.35,210,390,0.06190476190476191,0.9380952380952381,0.9680589680589681,0.8969814042650159,0.9634691417363739
classical_control,entropy,0.4,0.4,240,360,0.0708333333333333,0.9291666666666667,0.9632829373650108,0.8895031557540064,0.9553080629628224
classical_control,free_energy,0.4,0.4,240,360,0.0708333333333333,0.9291666666666667,0.9632829373650108,0.8895031557540064,0.9553080629628224
classical_control,entropy,0.45000000000000007,0.45,270,330,0.07777777777777772,0.9222222222222223,0.958904109589041,0.8840302452118132,0.9485682991499076
classical_control,free_energy,0.45000000000000007,0.45,270,330,0.07777777777777772,0.9222222222222223,0.958904109589041,0.8840302452118132,0.9485682991499076
classical_control,entropy,0.5,0.5,300,300,0.07333333333333336,0.9266666666666666,0.9580152671755725,0.8914686583942826,0.9510760061607713
classical_control,free_energy,0.5,0.5,300,300,0.07333333333333336,0.9266666666666666,0.9580152671755725,0.8914686583942826,0.9510760061607713
classical_control,entropy,0.55,0.55,330,270,0.0757575757575758,0.9242424242424242,0.9529190207156308,0.8905593352717406,0.9481621374569885
classical_control,free_energy,0.55,0.55,330,270,0.0757575757575758,0.9242424242424242,0.9532710280373832,0.8905593352717406,0.9481621374569885
classical_control,entropy,0.6,0.6,360,240,0.0805555555555556,0.9194444444444444,0.9465930018416207,0.8867032329434203,0.9433286193332866
classical_control,free_energy,0.6,0.6,360,240,0.0805555555555556,0.9194444444444444,0.9465930018416207,0.8867032329434203,0.9433286193332866
classical_control,entropy,0.65,0.65,390,210,0.0871794871794872,0.9128205128205128,0.9381818181818182,0.8806440729021571,0.936943798532674
classical_control,free_energy,0.65,0.65,390,210,0.0871794871794872,0.9128205128205128,0.9381818181818182,0.8806440729021571,0.936943798532674
classical_control,entropy,0.7000000000000001,0.7,420,180,0.09523809523809523,0.9047619047619048,0.9293286219081273,0.8729076621941513,0.929279082222083
classical_control,free_energy,0.7000000000000001,0.7,420,180,0.09523809523809523,0.9047619047619048,0.9293286219081273,0.8729076621941513,0.929279082222083
classical_control,entropy,0.75,0.75,450,150,0.10444444444444445,0.8955555555555555,0.918825561312608,0.8638714861888324,0.9205434082217954
classical_control,free_energy,0.75,0.75,450,150,0.10222222222222221,0.8977777777777778,0.9204152249134948,0.8663371940023316,0.9224845256577939
classical_control,entropy,0.8,0.8,480,120,0.11250000000000004,0.8875,0.9102990033222591,0.8561007578225626,0.912746130384797
classical_control,free_energy,0.8,0.8,480,120,0.11250000000000004,0.8875,0.9102990033222591,0.8561007578225626,0.912746130384797
classical_control,entropy,0.85,0.85,510,90,0.1333333333333333,0.8666666666666667,0.8903225806451613,0.8344059457959738,0.893445015974139
classical_control,free_energy,0.85,0.85,510,90,0.13137254901960782,0.8686274509803922,0.8917609046849758,0.8365338314734606,0.8952093814291125
classical_control,entropy,0.9,0.9,540,60,0.14814814814814814,0.8518518518518519,0.8765432098765432,0.8194065415545686,0.8793265061686042
classical_control,free_energy,0.9,0.9,540,60,0.14814814814814814,0.8518518518518519,0.8765432098765432,0.8194065415545686,0.8793265061686042
classical_control,entropy,0.9500000000000001,0.95,570,30,0.16842105263157892,0.8315789473684211,0.8584070796460177,0.7986591342945353,0.8600593918587174
classical_control,free_energy,0.9500000000000001,0.95,570,30,0.16842105263157892,0.8315789473684211,0.8584070796460177,0.7986591342945353,0.8600593918587174
classical_control,entropy,1.0,1.0,600,0,0.19499999999999995,0.805,0.8349788434414669,0.7713990928560017,0.834720269525641
classical_control,free_energy,1.0,1.0,600,0,0.19499999999999995,0.805,0.8349788434414669,0.7713990928560017,0.834720269525641
hybrid_quantum,entropy,0.1,0.1,60,540,0.08333333333333337,0.9166666666666666,0.9565217391304348,0.8193105798166558,0.9638795433982692
hybrid_quantum,free_energy,0.1,0.1,60,540,0.08333333333333337,0.9166666666666666,0.9565217391304348,0.8193105798166558,0.9638795433982692
hybrid_quantum,entropy,0.15000000000000002,0.15,90,510,0.07777777777777772,0.9222222222222223,0.9595375722543352,0.8480613981740798,0.9618151846827111
hybrid_quantum,free_energy,0.15000000000000002,0.15,90,510,0.07777777777777772,0.9222222222222223,0.9595375722543352,0.8480613981740798,0.9618151846827111
hybrid_quantum,entropy,0.2,0.2,120,480,0.09999999999999998,0.9,0.9473684210526315,0.833318258891048,0.9418664079739892
hybrid_quantum,free_energy,0.2,0.2,120,480,0.09999999999999998,0.9,0.9473684210526315,0.833318258891048,0.9418664079739892
hybrid_quantum,entropy,0.25,0.25,150,450,0.09333333333333338,0.9066666666666666,0.951048951048951,0.8494360687243842,0.9435881325229135
hybrid_quantum,free_energy,0.25,0.25,150,450,0.09333333333333338,0.9066666666666666,0.951048951048951,0.8494360687243842,0.9435881325229135
hybrid_quantum,entropy,0.30000000000000004,0.3,180,420,0.0888888888888889,0.9111111111111111,0.9534883720930233,0.860496082186412,0.9445453973002615
hybrid_quantum,free_energy,0.30000000000000004,0.3,180,420,0.0888888888888889,0.9111111111111111,0.9534883720930233,0.860496082186412,0.9445453973002615
hybrid_quantum,entropy,0.35,0.35,210,390,0.09999999999999998,0.9,0.9473684210526315,0.8519683553183302,0.9336604040742433
hybrid_quantum,free_energy,0.35,0.35,210,390,0.09999999999999998,0.9,0.9473684210526315,0.8519683553183302,0.9336604040742433
hybrid_quantum,entropy,0.4,0.4,240,360,0.11250000000000004,0.8875,0.9403973509933775,0.8412680944383407,0.9215226176069512
hybrid_quantum,free_energy,0.4,0.4,240,360,0.11250000000000004,0.8875,0.9403973509933775,0.8412680944383407,0.9215226176069512
hybrid_quantum,entropy,0.45000000000000007,0.45,270,330,0.12592592592592589,0.8740740740740741,0.932806324110672,0.829183351723403,0.908469744597069
hybrid_quantum,free_energy,0.45000000000000007,0.45,270,330,0.12592592592592589,0.8740740740740741,0.932806324110672,0.829183351723403,0.908469744597069
hybrid_quantum,entropy,0.5,0.5,300,300,0.1266666666666667,0.8733333333333333,0.9323843416370107,0.8309188299507383,0.9063077515349339
hybrid_quantum,free_energy,0.5,0.5,300,300,0.13,0.87,0.93048128342246,0.8272195707065882,0.9034246305872476
hybrid_quantum,entropy,0.55,0.55,330,270,0.1454545454545455,0.8545454545454545,0.9215686274509803,0.8124274213802974,0.8885040951144262
hybrid_quantum,free_energy,0.55,0.55,330,270,0.14848484848484844,0.8515151515151516,0.9198036006546645,0.8091134274632542,0.8858272213691215
hybrid_quantum,entropy,0.6,0.6,360,240,0.1777777777777778,0.8222222222222222,0.9024390243902439,0.7793882778981093,0.8582520854402881
hybrid_quantum,free_energy,0.6,0.6,360,240,0.1777777777777778,0.8222222222222222,0.9024390243902439,0.7793882778981093,0.8582520854402881
hybrid_quantum,entropy,0.65,0.65,390,210,0.1923076923076923,0.8076923076923077,0.8936170212765957,0.7656523883433473,0.8437298760801293
hybrid_quantum,free_energy,0.65,0.65,390,210,0.1923076923076923,0.8076923076923077,0.8936170212765957,0.7656523883433473,0.8437298760801293
hybrid_quantum,entropy,0.7000000000000001,0.7,420,180,0.22142857142857142,0.7785714285714286,0.8755020080321285,0.7364373723884556,0.8156558575921291
hybrid_quantum,free_energy,0.7000000000000001,0.7,420,180,0.22142857142857142,0.7785714285714286,0.8755020080321285,0.7364373723884556,0.8156558575921291
hybrid_quantum,entropy,0.75,0.75,450,150,0.24222222222222223,0.7577777777777778,0.8621997471554994,0.7161193942909693,0.7950723346507881
hybrid_quantum,free_energy,0.75,0.75,450,150,0.24222222222222223,0.7577777777777778,0.8621997471554994,0.7161193942909693,0.7950723346507881
hybrid_quantum,entropy,0.8,0.8,480,120,0.2583333333333333,0.7416666666666667,0.8516746411483254,0.700698403458075,0.7787975053164073
hybrid_quantum,free_energy,0.8,0.8,480,120,0.2583333333333333,0.7416666666666667,0.8516746411483254,0.700698403458075,0.7787975053164073
hybrid_quantum,entropy,0.85,0.85,510,90,0.28627450980392155,0.7137254901960784,0.8329519450800915,0.6730118082266026,0.7512435652115914
hybrid_quantum,free_energy,0.85,0.85,510,90,0.28627450980392155,0.7137254901960784,0.8329519450800915,0.6730118082266026,0.7512435652115914
hybrid_quantum,entropy,0.9,0.9,540,60,0.31666666666666665,0.6833333333333333,0.8118811881188119,0.6429211674951201,0.7211555257922173
hybrid_quantum,free_energy,0.9,0.9,540,60,0.31666666666666665,0.6833333333333333,0.8118811881188119,0.6429211674951201,0.7211555257922173
hybrid_quantum,entropy,0.9500000000000001,0.95,570,30,0.343859649122807,0.656140350877193,0.7923728813559322,0.6162176205557386,0.6939725848815075
hybrid_quantum,free_energy,0.9500000000000001,0.95,570,30,0.343859649122807,0.656140350877193,0.7923728813559322,0.6162176205557386,0.6939725848815075
hybrid_quantum,entropy,1.0,1.0,600,0,0.375,0.625,0.7692307692307693,0.5855828242149006,0.6628267505316743
hybrid_quantum,free_energy,1.0,1.0,600,0,0.375,0.625,0.7692307692307693,0.5855828242149006,0.6628267505316743
