target,pred,prob,entropy,free_energy,accept_entropy,accept_free_energy
1,1,0.9150679707527161,0.290652871131897,0.14688750803470613,True,True
0,1,0.8972026109695435,0.33118635416030884,2.3412325978279114,True,False
1,1,0.5052201151847839,0.6930927038192749,0.8213796138763427,False,False
0,0,0.4564560055732727,0.6893502473831177,0.7475147008895874,False,True
1,1,0.9899126291275024,0.05640261992812157,0.021419117599725722,True,True
1,1,0.9868316650390625,0.0700993463397026,0.027275675907731056,True,True
1,1,0.9958375096321106,0.026971086859703064,0.009565395116806031,True,True
1,1,0.9969812631607056,0.02053164504468441,0.0071296314243227245,True,True
1,1,0.9094842672348022,0.30372941493988037,0.1556234613060951,True,True
0,0,0.4788605272769928,0.6922531127929688,0.7901881337165833,False,False
1,1,0.9824169874191284,0.08847733587026596,0.035434897243976596,True,True
1,1,0.9770223498344421,0.10941164940595627,0.04512808173894882,True,True
1,1,0.9780483245849609,0.1055404543876648,0.043304288759827614,True,True
1,1,0.9942952990531921,0.03516152501106262,0.01275333994999528,True,True
1,1,0.5325937867164612,0.6910209655761719,0.7682004928588867,False,True
1,1,0.9149608612060547,0.2909073829650879,0.14705546647310258,True,True
1,1,0.9668331146240234,0.14558382332324982,0.06284614279866219,True,True
1,1,0.6740291714668274,0.6312884092330933,0.5207395792007447,True,True
1,1,0.9989169239997864,0.008477668277919292,0.0027791966218501333,True,True
0,1,0.5005910992622375,0.6931464672088623,0.8329593896865845,False,False
0,0,0.46757563948631287,0.6910430192947388,0.7685230731964111,False,True
1,1,0.9692376255989075,0.13738234341144562,0.058721938729286195,True,True
1,1,0.5066324472427368,0.6930592060089111,0.8185813307762146,False,False
1,1,0.848342776298523,0.4255729913711548,0.2495851069688797,True,True
1,1,0.8269928693771362,0.46062248945236206,0.28208371102809904,True,True
0,0,0.4592718482017517,0.6898259520530701,0.7528037905693055,False,True
1,1,0.9906455874443054,0.05301345884799957,0.020001131668686868,True,True
0,0,0.4781469702720642,0.6921917796134949,0.7888076424598693,False,False
0,0,0.474478155374527,0.6918438673019409,0.7817322492599488,False,False
1,1,0.9923166036605835,0.04506189748644829,0.016725444979965687,True,True
0,0,0.46519097685813904,0.690721869468689,0.7639899849891663,False,True
1,1,0.710192084312439,0.6019796133041382,0.46261572241783144,True,True
1,1,0.9704698324203491,0.13310517370700836,0.05659599639475346,True,True
1,1,0.8699826002120972,0.38641977310180664,0.2165660172700882,True,True
1,1,0.9860336184501648,0.073520228266716,0.028768874518573285,True,True
1,1,0.942395806312561,0.2203238308429718,0.10339468196034432,True,True
0,0,0.46177196502685547,0.6902215480804443,0.7575172901153564,False,True
1,1,0.7984433174133301,0.50255286693573,0.3256018817424774,True,True
0,1,0.8619562387466431,0.40139639377593994,2.0604638338088987,True,False
0,0,0.4736756384372711,0.6917605400085449,0.7801896452903747,False,False
1,1,0.9656636118888855,0.14950686693191528,0.06484110578894615,True,True
0,1,0.5224050283432007,0.6921428442001343,0.8774207830429077,False,False
0,0,0.46431857347488403,0.690598726272583,0.7623354077339173,False,True
0,0,0.4544743597507477,0.6889963150024414,0.7438046932220459,True,True
0,1,0.567905068397522,0.6838964223861694,0.975889241695404,True,False
1,1,0.9586701393127441,0.1721477210521698,0.07663776874542236,True,True
0,0,0.4607924520969391,0.6900695562362671,0.7556685924530029,False,True
1,1,0.9916064143180847,0.04848200082778931,0.018125410564243792,True,True
1,1,0.9429816007614136,0.21868346631526947,0.10244520083069802,True,True
1,1,0.7666757702827454,0.5432619452476501,0.37434366941452024,True,True
0,1,0.7107265591621399,0.6014998555183411,1.3606828808784486,True,False
1,1,0.9182523488998413,0.2830171287059784,0.1418864592909813,True,True
0,0,0.4732434153556824,0.6917146444320679,0.7793596506118774,False,False
1,1,0.9920762181282043,0.04622665047645569,0.017200671695172788,True,True
0,1,0.555004358291626,0.6870839595794678,0.9471075654029846,True,False
0,0,0.4787600040435791,0.6922446489334106,0.7899936199188232,False,False
1,1,0.9462422132492065,0.20943455398082733,0.09714361280202866,True,True
0,0,0.4578908085823059,0.6895965933799744,0.7502071380615234,False,True
0,0,0.45639878511428833,0.6893402338027954,0.7474074363708496,False,True
1,1,0.9344487190246582,0.24197641015052795,0.11619380712509156,True,True
0,0,0.46140655875205994,0.6901652812957764,0.7568273782730103,False,True
0,0,0.46836552023887634,0.6911443471908569,0.770028030872345,False,False
0,0,0.4579388499259949,0.6896046996116638,0.7502973914146424,False,True
1,0,0.47145575284957886,0.6915167570114136,0.8902333498001098,False,False
1,1,0.9465449452400208,0.20856541395187378,0.09664990529417991,True,True
1,1,0.9861456155776978,0.07304299622774124,0.028559851460158825,True,True
0,1,0.6434358358383179,0.6514157056808472,1.161524200439453,True,False
0,1,0.9833868145942688,0.08454790711402893,4.114468079805374,True,False
0,1,0.5169658660888672,0.6925714015960693,0.8661822080612183,False,False
0,0,0.45976465940475464,0.6899059414863586,0.753731620311737,False,True
1,1,0.9633792042732239,0.1570519655942917,0.06871856451034547,True,True
0,0,0.49725213646888733,0.6931320428848267,0.8262928247451782,False,False
0,0,0.48417648673057556,0.6926463842391968,0.8005199193954468,False,False
1,1,0.9382373094558716,0.23179031908512115,0.11011043190956116,True,True
1,1,0.9757715463638306,0.11406789720058441,0.047340371087193495,True,True
1,1,0.9474408030509949,0.20598278939723969,0.09518738016486168,True,True
1,1,0.5201863050460815,0.6923319697380066,0.7920346617698669,False,False
0,0,0.4603891372680664,0.6900057792663574,0.7549081563949585,False,True
0,0,0.4698790907859802,0.6913315653800964,0.7729164838790894,False,False
1,1,0.9311744570732117,0.25059032440185547,0.12142670005559922,True,True
1,1,0.9604465365409851,0.16652242839336395,0.07366144582629204,True,True
1,1,0.9744715690612793,0.11883708834648132,0.04962735287845135,True,True
1,1,0.9786676168441772,0.1031801700592041,0.04219924174249172,True,True
0,0,0.47575801610946655,0.6919713616371155,0.7841961741447449,False,False
0,0,0.4588190019130707,0.6897516250610352,0.7519518971443176,False,True
0,0,0.4652256369590759,0.6907267570495605,0.7640557527542114,False,True
0,0,0.47763577103614807,0.6921464800834656,0.7878193974494934,False,False
1,0,0.49311479926109314,0.693052351474762,0.8456237196922303,False,False
1,0,0.48038309812545776,0.6923773288726807,0.8716468095779419,False,False
0,0,0.47472554445266724,0.6918690204620361,0.7822081565856933,False,False
1,1,0.9512179493904114,0.1949133276939392,0.08899472877383233,True,True
0,1,0.5196048021316528,0.6923782825469971,0.87162184715271,False,False
1,1,0.8653796911239624,0.39507627487182617,0.22360217571258545,True,True
0,1,0.6190877556800842,0.6645089387893677,1.098088026046753,True,False
1,1,0.9712579846382141,0.13034170866012573,0.05523149743676185,True,True
1,1,0.9216052293777466,0.27483120560646057,0.13660455495119095,True,True
1,1,0.6238964796066284,0.6621243953704834,0.6041957020759583,True,True
0,0,0.4525909423828125,0.6886452436447144,0.7402880191802979,True,True
0,0,0.46322327852249146,0.6904397010803223,0.7602610111236572,False,True
1,1,0.9322733879089355,0.24771828949451447,0.11967282891273498,True,True
1,1,0.9687064290046692,0.13921037316322327,0.05963575094938278,True,True
1,1,0.9738906621932983,0.12094607949256897,0.050645454600453374,True,True
1,1,0.6770431995391846,0.6290781497955322,0.5158358216285706,True,True
0,1,0.977861762046814,0.10624797642230988,3.831698480248451,True,False
1,1,0.9683389663696289,0.140469491481781,0.06026698052883148,True,True
1,1,0.9925925135612488,0.04371565207839012,0.016178188659250737,True,True
0,0,0.4606638550758362,0.6900492906570435,0.7554261207580566,False,True
0,0,0.4661095142364502,0.6908482313156128,0.7657341957092285,False,True
1,1,0.6011064052581787,0.6725605130195618,0.6434954166412353,True,True
0,1,0.8989647030830383,0.32735180854797363,2.3577558040618896,True,False
1,1,0.61274254322052,0.6675055027008057,0.6233115077018738,True,True
1,1,0.9947627782821655,0.03272917494177818,0.011796818859875203,True,True
0,1,0.9638112187385559,0.15563669800758362,3.3501335442066194,True,False
1,1,0.9047877192497253,0.3144340515136719,0.16294173747301102,True,True
0,1,0.7881163358688354,0.5164417028427124,1.655006217956543,True,False
1,1,0.7569634318351746,0.5545548796653748,0.3893513023853302,True,True
1,1,0.8661890029907227,0.3935675621032715,0.22236565351486207,True,True
1,1,0.869586169719696,0.3871725797653198,0.21717236042022706,True,True
0,0,0.4547497630119324,0.6890463829040527,0.74431973695755,True,True
0,0,0.470615953207016,0.6914193630218506,0.7743250370025635,False,False
1,1,0.9883509874343872,0.06344851106405258,0.024407096207141876,True,True
1,1,0.9339061975479126,0.24341556429862976,0.11706238836050034,True,True
1,1,0.8766716122627258,0.37350451946258545,0.2063237100839615,True,True
0,1,0.6855107545852661,0.6226456165313721,1.2813345193862915,True,False
1,1,0.9780499339103699,0.10553434491157532,0.04330142214894295,True,True
0,0,0.46641531586647034,0.6908895969390869,0.7663153290748597,False,True
0,0,0.47165435552597046,0.6915393471717834,0.7763124704360962,False,False
1,1,0.9028922915458679,0.3186810612678528,0.16588822454214097,True,True
0,1,0.7087157964706421,0.6032975912094116,1.3541154146194458,True,False
1,1,0.7354880571365356,0.5777235627174377,0.4227656781673431,True,True
1,1,0.9407622218132019,0.22486506402492523,0.1060378707945347,True,True
0,0,0.4870884418487549,0.6928136944770813,0.8062145709991455,False,False
1,1,0.5467098355293274,0.6887772083282471,0.7415925145149231,True,True
0,1,0.9510276913642883,0.19547806680202484,3.0555958479642866,True,False
1,1,0.9626647233963013,0.15938100218772888,0.06992628574371337,True,True
1,1,0.798022449016571,0.5031316876411438,0.3262448936700821,True,True
0,1,0.866083025932312,0.3937654495239258,2.089288330078125,True,False
1,1,0.9721196889877319,0.1272948831319809,0.05373532138764858,True,True
1,1,0.9702104330062866,0.13400991261005402,0.057044272869825365,True,True
0,0,0.46970659494400024,0.6913106441497803,0.772586977481842,False,False
1,1,0.9681641459465027,0.14106696844100952,0.06056702584028244,True,True
1,1,0.8040366172790527,0.49475526809692383,0.3170615255832672,True,True
0,1,0.5920788645744324,0.6760929822921753,1.0319000244140626,True,False
0,0,0.45397353172302246,0.6889042854309082,0.7428686738014221,True,True
0,0,0.4616658091545105,0.6902052760124207,0.7573168039321899,False,True
0,1,0.6499752402305603,0.6474619507789612,1.179243791103363,True,False
0,0,0.46749430894851685,0.6910324692726135,0.7683681964874267,False,True
0,0,0.47325944900512695,0.6917164325714111,0.7793904662132263,False,False
1,1,0.5647624731063843,0.6847351789474487,0.708297073841095,True,True
1,1,0.9301311373710632,0.2532995939254761,0.12308961302042007,True,True
0,0,0.4548342823982239,0.6890617609024048,0.7444778442382812,True,True
1,1,0.9155324697494507,0.28954726457595825,0.1461588978767395,True,True
0,0,0.4607575833797455,0.6900640726089478,0.7556029438972474,False,True
1,1,0.8155104517936707,0.47813335061073303,0.29956771731376647,True,True
1,1,0.9643519520759583,0.15385772287845612,0.06707050129771233,True,True
1,1,0.9725105166435242,0.12590400874614716,0.05305519141256809,True,True
1,1,0.9830158948898315,0.08605737239122391,0.034341463819146156,True,True
1,1,0.7183829545974731,0.5944740772247314,0.44964730739593506,True,True
1,1,0.892546534538269,0.34115785360336304,0.18190820068120955,True,True
1,1,0.834942638874054,0.4479617774486542,0.26998460590839385,True,True
0,1,0.6002459526062012,0.6729118824005127,1.051488196849823,True,False
0,1,0.558437168598175,0.6863017082214355,0.9546953082084656,True,False
1,1,0.9957491159439087,0.027454324066638947,0.009750809706747531,True,True
1,1,0.9834898114204407,0.084127277135849,0.03347345553338528,True,True
0,0,0.4625834822654724,0.6903445720672607,0.7590507864952087,False,True
0,1,0.8010458946228027,0.4989490807056427,1.7144709408283234,True,False
0,1,0.6093436479568481,0.6690407991409302,1.0737351417541503,True,False
1,1,0.9500097036361694,0.19848665595054626,0.09098041132092477,True,True
1,1,0.5271151661872864,0.6916760206222534,0.7786714196205139,False,False
1,1,0.9755164980888367,0.11500910669565201,0.04779002778232098,True,True
1,1,0.81725013256073,0.4755377173423767,0.29691762030124663,True,True
1,1,0.5665382146835327,0.684266209602356,0.7050639629364014,True,True
1,1,0.9796854853630066,0.09926062822341919,0.04037581719458103,True,True
1,1,0.9989743232727051,0.008084260858595371,0.0026430552126839755,True,True
0,1,0.5033333897590637,0.6931248903274536,0.8384612321853637,False,False
1,1,0.5283348560333252,0.6915405988693237,0.7763331055641174,False,False
1,1,0.5679804086685181,0.6838757991790771,0.7024435043334961,True,True
0,1,0.5635000467300415,0.6850608587265015,0.9659791469573975,True,False
1,1,0.8214552998542786,0.46917957067489624,0.2905136734247208,True,True
0,0,0.476172536611557,0.6920112371444702,0.7849952220916748,False,False
1,1,0.9016937017440796,0.3213455080986023,0.1677494928240776,True,True
1,1,0.9485772848129272,0.2026832103729248,0.09332865476608276,True,True
1,1,0.9444543123245239,0.21453118324279785,0.10005420148372651,True,True
1,1,0.7624882459640503,0.5481947660446167,0.3808071255683899,True,True
1,1,0.9738022685050964,0.12126582115888596,0.050800169631838796,True,True
0,0,0.4934901297092438,0.693062424659729,0.8188239097595215,False,False
0,1,0.6024196743965149,0.6720183491706848,1.0567619442939757,True,False
0,0,0.4592913091182709,0.6898291110992432,0.7528404831886292,False,True
1,1,0.861212432384491,0.4027564525604248,0.22996536791324618,True,True
0,0,0.45494645833969116,0.6890820264816284,0.7446876525878906,True,True
1,1,0.6136027574539185,0.6671092510223389,0.6218294024467468,True,True
0,0,0.46531420946121216,0.6907390356063843,0.7642237901687622,False,True
1,1,0.5127492547035217,0.6928220987319946,0.8065327525138855,False,False
1,1,0.978293776512146,0.10460714250802994,0.04286669827997684,True,True
0,0,0.46716612577438354,0.6909894943237305,0.7677434682846069,False,True
0,1,0.6816011071205139,0.6256567239761353,1.2695816516876222,True,False
1,1,0.7984346747398376,0.5025647878646851,0.32561508417129514,True,True
1,1,0.9265673756599426,0.2624289095401764,0.12875429838895797,True,True
1,1,0.9888178706169128,0.06136557459831238,0.023518234305083752,True,True
0,0,0.4725905954837799,0.6916438341140747,0.7781069040298462,False,False
1,1,0.8498813509941101,0.4229148030281067,0.2472414880990982,True,True
1,0,0.480597585439682,0.6923940777778625,0.8712037801742554,False,False
1,1,0.9540883302688599,0.18629670143127441,0.08425836265087128,True,True
1,1,0.9480840563774109,0.20411843061447144,0.09413580149412155,True,True
1,1,0.8180281519889832,0.4743703603744507,0.2957326054573059,True,True
1,1,0.7586875557899475,0.5525880455970764,0.38668285608291625,True,True
1,0,0.494790256023407,0.6930928826332092,0.8422399044036866,False,False
1,1,0.9764560461044312,0.1115281879901886,0.04613117873668671,True,True
0,0,0.45868006348609924,0.6897286176681519,0.7516904592514038,False,True
1,1,0.9395777583122253,0.22812774777412415,0.10795024856925012,True,True
0,0,0.47318774461746216,0.6917086839675903,0.7792527794837951,False,False
1,1,0.9823061227798462,0.08892299234867096,0.03563688434660435,True,True
1,1,0.9994953870773315,0.0043353550136089325,0.0013718112837523221,True,True
1,1,0.9337618947029114,0.24379754066467285,0.11729330867528916,True,True
1,1,0.9246910214424133,0.26715999841690063,0.1317276254296303,True,True
1,1,0.9707371592521667,0.13217030465602875,0.0561335988342762,True,True
1,1,0.9852179288864136,0.07696894556283951,0.030286204256117347,True,True
0,1,0.8683368563652039,0.3895360827445984,2.105415713787079,True,False
1,1,0.9458087682723999,0.21067585051059723,0.09785004928708077,True,True
1,1,0.9490081667900085,0.20142532885074615,0.09262293949723244,True,True
0,0,0.4712565541267395,0.6914938688278198,0.7755507469177246,False,False
0,0,0.45355382561683655,0.6888264417648315,0.7420846819877625,True,True
0,1,0.6489784717559814,0.6480766534805298,1.1765229940414428,True,False
1,1,0.7517317533493042,0.5604245662689209,0.39746062755584716,True,True
0,0,0.46072715520858765,0.6900593042373657,0.7555454850196839,False,True
1,1,0.9699541330337524,0.13490155339241028,0.05748680420219898,True,True
0,0,0.45994797348976135,0.6899354457855225,0.7540768504142761,False,True
1,1,0.9815694689750671,0.09186650067567825,0.03697578869760036,True,True
1,1,0.8640421032905579,0.39755746722221375,0.2256452739238739,True,True
0,0,0.4556652903556824,0.6892108917236328,0.7460331320762634,True,True
1,1,0.9341763257980347,0.24269959330558777,0.11662999242544175,True,True
0,1,0.6750854253768921,0.6305185556411743,1.250296664237976,True,False
0,1,0.6926485896110535,0.6169650554656982,1.303156566619873,True,False
1,1,0.8652251958847046,0.39536362886428833,0.22383819222450257,True,True
0,0,0.45622745156288147,0.6893101930618286,0.7470862388610839,True,True
1,1,0.7519599199295044,0.5601716637611389,0.3971065700054169,True,True
0,0,0.46377354860305786,0.690520167350769,0.7613027811050415,False,True
0,0,0.475506067276001,0.691946804523468,0.7837107896804809,False,False
1,1,0.9229514002799988,0.27150118350982666,0.1344789370894432,True,True
0,0,0.4533809721469879,0.6887941956520081,0.7417619705200196,True,True
0,1,0.6100090742111206,0.6687440276145935,1.0753805994987489,True,False
1,1,0.8262730836868286,0.4617467522621155,0.28317929804325104,True,True
1,1,0.8631042242050171,0.3992881178855896,0.22707744538784028,True,True
0,1,0.5343368649482727,0.6907873153686523,0.9024502396583557,False,False
1,1,0.9829012155532837,0.08652240037918091,0.03455113619565964,True,True
1,1,0.9740160703659058,0.12049191445112228,0.050425858795642854,True,True
1,1,0.6591218113899231,0.6416162252426147,0.5451701760292054,True,True
1,1,0.6467148661613464,0.6494566202163696,0.5657411098480225,True,True
1,0,0.4765334725379944,0.6920454502105713,0.8796264052391052,False,False
1,1,0.6191207766532898,0.6644929647445679,0.612353527545929,True,True
1,1,0.9476190805435181,0.20546691119670868,0.09489605501294136,True,True
0,0,0.46244993805885315,0.6903245449066162,0.7587982296943665,False,True
1,1,0.8097740411758423,0.4865504205226898,0.30831010937690734,True,True
1,1,0.9916564226150513,0.04824322462081909,0.0180272251367569,True,True
1,1,0.8979433178901672,0.32957857847213745,0.173564051091671,True,True
0,0,0.4579560160636902,0.6896076202392578,0.7503296852111816,False,True
1,1,0.939166247844696,0.22925548255443573,0.10861386358737946,True,True
1,1,0.9191354513168335,0.2808758020401001,0.1404969349503517,True,True
0,1,0.5568992495536804,0.6866580843925476,0.9512897253036499,True,False
0,0,0.4616040289402008,0.6901957988739014,0.7572001099586487,False,True
1,1,0.9897361993789673,0.05721023678779602,0.021758884005248547,True,True
1,1,0.9806070327758789,0.09566715359687805,0.038716909289360044,True,True
1,1,0.9690573811531067,0.13800367712974548,0.05903218686580658,True,True
1,1,0.9924062490463257,0.044625602662563324,0.016547850985080007,True,True
0,0,0.49428263306617737,0.693081796169281,0.8203936576843261,False,False
1,1,0.7824827432632446,0.5237476229667664,0.35003293454647066,True,True
0,0,0.47102922201156616,0.6914676427841187,0.7751156330108643,False,False
0,0,0.4578765034675598,0.6895942091941833,0.7501803159713745,False,True
1,1,0.98469477891922,0.07915659248828888,0.031254873424768445,True,True
1,1,0.7203360795974731,0.5926356315612793,0.44656453728675843,True,True
1,1,0.7983606457710266,0.5026666522026062,0.32572817206382754,True,True
1,1,0.9406741261482239,0.22510859370231628,0.10618022307753563,True,True
1,1,0.956456184387207,0.17904749512672424,0.08032979890704156,True,True
0,0,0.4859486520290375,0.6927522420883179,0.8039826035499573,False,False
1,1,0.9845069050788879,0.07993776351213455,0.031601919792592525,True,True
1,1,0.9310884475708008,0.2508143186569214,0.12156386375427247,True,True
1,1,0.9858896136283875,0.0741325095295906,0.029037386365234855,True,True
1,1,0.9443299174308777,0.214883491396904,0.10025638192892075,True,True
0,0,0.47698473930358887,0.6920874118804932,0.7865620851516724,False,False
1,1,0.86558997631073,0.3946848213672638,0.2232809215784073,True,True
0,1,0.6810542345046997,0.6260722279548645,1.267948615550995,True,False
0,1,0.5090482234954834,0.6929833889007568,0.8500060677528382,False,False
0,1,0.8425000905990601,0.4355008006095886,1.9354305386543273,True,False
1,1,0.9541617631912231,0.18607383966445923,0.08413682579994203,True,True
1,1,0.9888195991516113,0.061357829719781876,0.0235149372369051,True,True
0,0,0.45950156450271606,0.6898633241653442,0.753236186504364,False,True
1,1,0.9853952527046204,0.07622319459915161,0.029957085289061068,True,True
1,1,0.9748687744140625,0.11738724261522293,0.04892985559999943,True,True
1,1,0.6317504644393921,0.6580175161361694,0.5908643245697022,True,True
1,1,0.9519073367118835,0.1928604394197464,0.08785967156291008,True,True
0,0,0.45277222990989685,0.6886796355247498,0.7406261801719666,True,True
1,1,0.5816344618797302,0.6797589659690857,0.6778648853302002,True,True
0,0,0.4640454649925232,0.6905595064163208,0.7618178248405456,False,True
0,0,0.45616745948791504,0.6892997026443481,0.7469738721847534,True,True
1,1,0.9399700164794922,0.22705000638961792,0.10731730386614799,True,True
1,1,0.7611449360847473,0.5497565269470215,0.3828827917575836,True,True
1,1,0.9839067459106445,0.0824178084731102,0.03270771875977516,True,True
0,1,0.5681050419807434,0.6838417053222656,0.9763412475585938,True,False
1,1,0.8934704661369324,0.33919739723205566,0.18048147708177567,True,True
1,1,0.929581344127655,0.254720538854599,0.12396507263183594,True,True
1,1,0.979297935962677,0.10075897723436356,0.041071151942014696,True,True
1,1,0.9627372026443481,0.15914539992809296,0.06980387717485428,True,True
1,1,0.9351824522018433,0.24002236127853394,0.11501810103654861,True,True
1,0,0.48202523589134216,0.6925008296966553,0.8682589650154113,False,False
1,1,0.9439021348953247,0.21609282493591309,0.1009513519704342,True,True
1,1,0.9955238103866577,0.02867778018116951,0.010221793688833714,True,True
1,1,0.9859079122543335,0.0740547925233841,0.02900328263640404,True,True
0,1,0.6151794791221619,0.6663747429847717,1.0882531762123109,True,False
1,1,0.9902180433273315,0.054997172206640244,0.020829548873007298,True,True
0,0,0.45574530959129333,0.6892250776290894,0.7461830139160156,True,True
0,0,0.4634183943271637,0.6904683113098145,0.760630202293396,False,True
1,1,0.8053585290908813,0.492883563041687,0.3150444358587265,True,True
0,1,0.9254188537597656,0.2653309106826782,2.6489338159561155,True,False
0,1,0.8651123046875,0.3955734968185425,2.0824275255203246,True,False
1,1,0.660241961479187,0.6408748626708984,0.5433238863945007,True,True
1,1,0.9537612795829773,0.18728777766227722,0.08479942381381989,True,True
1,1,0.9895105361938477,0.05823875963687897,0.02219261825084686,True,True
0,1,0.8412197232246399,0.4376417398452759,1.9277622699737549,True,False
1,1,0.9176880717277527,0.28437989950180054,0.14277371615171433,True,True
0,0,0.49906763434410095,0.6931453943252563,0.829913318157196,False,False
1,0,0.49118751287460327,0.6929918527603149,0.8495277047157288,False,False
1,1,0.9954803586006165,0.028912406414747238,0.010312367230653763,True,True
1,1,0.9889839291572571,0.0606200136244297,0.023201199993491173,True,True
0,1,0.703778862953186,0.6076284050941467,1.3381747364997865,True,False
1,1,0.5543876886367798,0.6872193813323975,0.7273348927497864,True,True
1,1,0.8390325307846069,0.441270649433136,0.2637599319219589,True,True
1,1,0.9255812764167786,0.2649216651916504,0.13031766414642335,True,True
1,1,0.9456993937492371,0.21098849177360535,0.09802822545170783,True,True
1,1,0.6881287693977356,0.6205897331237793,0.49789724349975584,True,True
1,1,0.9915838241577148,0.04858976602554321,0.018169744685292245,True,True
0,1,0.5016019940376282,0.6931420564651489,0.8349847078323365,False,False
1,1,0.8226026296615601,0.4674239754676819,0.28876682221889494,True,True
0,1,0.5271514654159546,0.6916720867156982,0.8873145818710327,False,False
1,1,0.9841296076774597,0.08149957656860352,0.03229759149253368,True,True
1,1,0.915007472038269,0.2907966375350952,0.14698237776756287,True,True
1,1,0.9631767272949219,0.15771345794200897,0.06906105875968933,True,True
1,1,0.9980561137199402,0.01407779660075903,0.004761337349191309,True,True
1,1,0.5873419046401978,0.6778113842010498,0.6677104592323303,True,True
0,0,0.4613041281700134,0.6901494264602661,0.7566340088844299,False,True
0,1,0.9583490490913391,0.17315590381622314,3.213062214851379,True,False
1,1,0.8696834444999695,0.3869880139827728,0.21702359914779662,True,True
1,1,0.955048680305481,0.1833723783493042,0.08266744241118432,True,True
1,1,0.9732304811477661,0.12332677841186523,0.051799703389406204,True,True
1,1,0.9496160745620728,0.19964413344860077,0.09162633419036866,True,True
1,1,0.5614784955978394,0.6855688095092773,0.7142955780029296,True,True
0,0,0.4707362651824951,0.6914334893226624,0.7745551347732544,False,False
1,1,0.983574390411377,0.08378136157989502,0.03331827782094479,True,True
1,1,0.991570770740509,0.048652008175849915,0.018195357359945777,True,True
1,1,0.9883594512939453,0.0634109228849411,0.02439101506024599,True,True
0,1,0.7468002438545227,0.5658231973648071,1.4867411613464356,True,False
0,0,0.46339043974876404,0.6904642581939697,0.7605774164199829,False,True
1,1,0.9581192135810852,0.17387598752975464,0.07755826786160469,True,True
1,1,0.9961344003677368,0.025333983823657036,0.008939887024462224,True,True
0,1,0.5005049705505371,0.6931467056274414,0.8327870011329651,False,False
0,0,0.48251229524612427,0.692535400390625,0.7972765684127807,False,False
1,1,0.9066237211227417,0.3102804720401764,0.16008386760950089,True,True
0,1,0.9896000623703003,0.057831309735774994,4.577521900832653,True,False
0,1,0.845014750957489,0.4312599003314972,1.9506772816181184,True,False
1,1,0.9650987386703491,0.1513868272304535,0.0658022291958332,True,True
1,1,0.8551679849624634,0.4136389195919037,0.23918513357639315,True,True
1,1,0.9420596361160278,0.22126233577728271,0.1039391651749611,True,True
1,1,0.9744763374328613,0.11881972849369049,0.04961898773908616,True,True
1,1,0.7577007412910461,0.5537157654762268,0.38820992708206176,True,True
1,1,0.7921563982963562,0.5110855102539062,0.33521353602409365,True,True
1,1,0.8036292791366577,0.4953297972679138,0.3176831752061844,True,True
0,0,0.47238224744796753,0.691620945930481,0.7777073860168457,False,False
1,1,0.7334020137786865,0.579845666885376,0.4260304093360901,True,True
0,0,0.4573957920074463,0.6895124912261963,0.7492775917053223,False,True
0,0,0.46174973249435425,0.6902180910110474,0.7574752330780029,False,True
1,1,0.9189292788505554,0.2813766598701477,0.1408214434981346,True,True
0,1,0.9785138964653015,0.10376773029565811,3.861102505028248,True,False
1,1,0.7202645540237427,0.5927032828330994,0.44667733907699586,True,True
0,1,0.7421936392784119,0.5707498788833618,1.4696964502334595,True,False
1,1,0.8026331067085266,0.49673038721084595,0.3192036509513855,True,True
1,1,0.9107705950737,0.30075129866600037,0.15361448526382446,True,True
0,0,0.45823168754577637,0.6896539330482483,0.7508476138114929,False,True
0,0,0.49402862787246704,0.6930758953094482,0.8198903679847718,False,False
0,0,0.457451194524765,0.6895220279693604,0.7493817210197449,False,True
0,1,0.7319333553314209,0.5813263654708862,1.4327848911285401,True,False
1,1,0.9663236737251282,0.14729787409305573,0.06371601074934005,True,True
0,1,0.6177675127983093,0.6651464700698853,1.0947555422782898,True,False
1,1,0.920889675617218,0.27659106254577637,0.13773324936628342,True,True
0,0,0.48785775899887085,0.692852258682251,0.8077233076095581,False,False
1,1,0.9951872825622559,0.030484143644571304,0.01092116441577673,True,True
0,1,0.5316060185432434,0.6911479830741882,0.8966750979423523,False,False
0,0,0.46684637665748596,0.6909472346305847,0.7671350359916687,False,True
0,0,0.4562598764896393,0.6893158555030823,0.7471469759941101,True,True
1,1,0.976307213306427,0.11208212375640869,0.046394399181008336,True,True
1,1,0.9861741065979004,0.07292144745588303,0.028506651148200036,True,True
1,1,0.6404212713241577,0.6531754732131958,0.5762641847133636,True,True
0,1,0.9202860593795776,0.2780701518058777,2.5849247336387635,True,False
0,0,0.4581679403781891,0.6896432638168335,0.7507277607917786,False,True
0,0,0.46269479393959045,0.6903612613677979,0.7592611908912659,False,True
1,1,0.6219066381454468,0.6631230115890503,0.6075899064540863,True,True
0,1,0.9065879583358765,0.31036174297332764,2.432807278633118,True,False
1,1,0.7757995128631592,0.5321731567382812,0.36029579043388366,True,True
0,0,0.46523961424827576,0.6907286643981934,0.7640823006629944,False,True
1,1,0.7400973439216614,0.5729550719261169,0.4155645787715912,True,True
0,1,0.5871821045875549,0.6778677701950073,1.0203222513198853,True,False
1,1,0.8177564740180969,0.4747784733772278,0.2961463898420334,True,True
1,1,0.9487784504890442,0.20209641754627228,0.09299924522638321,True,True
1,1,0.9398185610771179,0.22746646404266357,0.1075617365539074,True,True
1,1,0.9935091137886047,0.03916667029261589,0.01434537759050727,True,True
1,1,0.8775679469108582,0.371742844581604,0.20494946837425232,True,True
1,1,0.9156110882759094,0.2893598675727844,0.1460355505347252,True,True
1,1,0.9627779126167297,0.15901298820972443,0.06973511278629303,True,True
1,1,0.690660297870636,0.6185713410377502,0.4938214421272278,True,True
1,1,0.989857017993927,0.056657519191503525,0.02152627669274807,True,True
0,0,0.4554317593574524,0.6891692876815796,0.7455958962440491,True,True
1,1,0.9155398607254028,0.2895296812057495,0.14614731222391128,True,True
0,0,0.46537622809410095,0.6907476186752319,0.7643416166305542,False,True
0,0,0.4728001058101654,0.691666841506958,0.7785089492797852,False,False
0,0,0.4582133889198303,0.6896508932113647,0.7508132696151734,False,True
1,1,0.9507814645767212,0.19620779156684875,0.08971259593963624,True,True
0,0,0.47077903151512146,0.6914384365081787,0.7746369481086731,False,False
1,1,0.5190103650093079,0.6924241781234741,0.7943162322044373,False,False
1,1,0.6326454877853394,0.6575326919555664,0.589351600408554,True,True
1,1,0.9683391451835632,0.14046888053417206,0.060266672074794775,True,True
1,1,0.9834995269775391,0.0840875580906868,0.033455634117126466,True,True
1,1,0.7357715964317322,0.5774334073066711,0.42232221364974976,True,True
1,1,0.9563970565795898,0.17923010885715485,0.08042814284563066,True,True
1,1,0.8968921899795532,0.3318583369255066,0.17519127875566481,True,True
1,1,0.8488715887069702,0.42466145753860474,0.2487796485424042,True,True
0,0,0.45895132422447205,0.6897733807563782,0.7522007465362549,False,True
1,1,0.9195516705513,0.27986299991607666,0.13984163999557495,True,True
1,1,0.9892227053642273,0.05954352021217346,0.022744494117796422,True,True
1,1,0.9257376790046692,0.26452726125717163,0.13006981909275056,True,True
1,1,0.9403409957885742,0.2260282188653946,0.10671835243701935,True,True
0,0,0.4807266592979431,0.6924040913581848,0.7938056945800781,False,False
0,0,0.4904676377773285,0.6929654479026794,0.8128550767898559,False,False
0,0,0.46791180968284607,0.6910865306854248,0.7691634058952331,False,True
1,1,0.9861912727355957,0.07284817844629288,0.02847458999603987,True,True
1,1,0.9695349931716919,0.13635487854480743,0.058209686726331714,True,True
0,0,0.45580893754959106,0.6892364025115967,0.7463021636009216,True,True
1,1,0.5580565333366394,0.6863908171653748,0.7205731511116028,True,True
1,1,0.9485769271850586,0.20268425345420837,0.09332923963665962,True,True
1,1,0.5581167936325073,0.6863768100738525,0.7204624056816101,True,True
1,1,0.7276926636695862,0.5855402946472168,0.43498454689979554,True,True
1,1,0.9847919344902039,0.07875171303749084,0.031075236946344377,True,True
1,1,0.9874569177627563,0.06738504022359848,0.02609941847622395,True,True
1,1,0.9608352780342102,0.16528043150901794,0.07300837934017182,True,True
0,0,0.4616488516330719,0.6902027130126953,0.7572847604751587,False,True
1,1,0.9841241836547852,0.08152196556329727,0.03230758085846901,True,True
1,1,0.9984323382377625,0.011690649203956127,0.003907021647319198,True,True
0,0,0.4585753381252289,0.6897112131118774,0.7514936208724976,False,True
1,0,0.4822109341621399,0.6925141215324402,0.8678764581680298,False,False
0,1,0.8561686277389526,0.4118580222129822,2.0214853405952455,True,False
1,1,0.9949081540107727,0.03196438029408455,0.01149772983044386,True,True
0,0,0.4544001519680023,0.6889827251434326,0.7436660766601563,True,True
1,1,0.9861711263656616,0.07293416559696198,0.028512215986847878,True,True
0,0,0.48201093077659607,0.6924998760223389,0.7963011860847473,False,False
1,1,0.9291807413101196,0.2557529807090759,0.12460259944200516,True,True
1,1,0.9611021280288696,0.1644255518913269,0.07255971282720566,True,True
1,1,0.8837559819221497,0.3593740463256836,0.19544910341501237,True,True
1,1,0.7798670530319214,0.5270761847496033,0.35404705703258516,True,True
1,1,0.9412636756896973,0.22347621619701385,0.10522721335291862,True,True
0,1,0.9773712158203125,0.10810068249702454,3.8101526319980623,True,False
0,1,0.5936685800552368,0.675495445728302,1.0356852173805238,True,False
1,1,0.9334502220153809,0.2446214258670807,0.11779192388057709,True,True
1,1,0.9684492349624634,0.14009211957454681,0.06007763892412186,True,True
0,0,0.4675443768501282,0.691038966178894,0.7684634923934937,False,True
1,1,0.796615481376648,0.5050587058067322,0.3283949226140976,True,True
1,1,0.9771297574043274,0.10900861024856567,0.04493754617869854,True,True
0,1,0.9557051658630371,0.18136100471019745,3.1531592935323713,True,False
1,1,0.8339015245437622,0.4496455788612366,0.2715690702199936,True,True
1,1,0.9266656637191772,0.2621796727180481,0.1285983771085739,True,True
1,1,0.9021154642105103,0.32040977478027344,0.1670947104692459,True,True
1,1,0.9615859985351562,0.16287055611610413,0.07174538597464561,True,True
1,1,0.9424875974655151,0.22006721794605255,0.10324596166610718,True,True
0,0,0.46975430846214294,0.6913164854049683,0.7726781487464904,False,False
0,1,0.7763880491256714,0.5314415693283081,1.6041313409805298,True,False
0,0,0.458991140127182,0.6897799968719482,0.7522756814956665,False,True
0,0,0.45265549421310425,0.6886574029922485,0.7404083490371705,True,True
0,1,0.619827151298523,0.6641486883163452,1.0999589681625366,True,False
1,1,0.9550312161445618,0.18342575430870056,0.08269640132784845,True,True
0,0,0.4639795422554016,0.6905499696731567,0.7616929531097412,False,True
0,1,0.8293350338935852,0.4569390118122101,1.8594407379627227,True,False
1,1,0.9146009683609009,0.291761577129364,0.14761972576379775,True,True
1,1,0.9842929840087891,0.08082441240549088,0.03199656158685685,True,True
1,1,0.9935501217842102,0.038960233330726624,0.01426281537860632,True,True
1,1,0.9082478284835815,0.3065730631351471,0.15755260735750198,True,True
0,1,0.8228511810302734,0.4670424461364746,1.824173593521118,True,False
0,0,0.45417481660842896,0.6889413595199585,0.7432448029518127,True,True
0,0,0.46683812141418457,0.690946102142334,0.7671194314956665,False,True
0,0,0.4540861248970032,0.68892502784729,0.7430790543556214,True,True
0,0,0.4564298689365387,0.68934565782547,0.7474656224250793,False,True
1,1,0.947144627571106,0.20683839917182922,0.0956711545586586,True,True
0,0,0.4625453054904938,0.6903388500213623,0.7589785337448121,False,True
1,1,0.968381404876709,0.14032430946826935,0.060194116085767746,True,True
1,1,0.9777323603630066,0.10673776268959045,0.04386685974895954,True,True
1,1,0.6035503149032593,0.6715458631515503,0.6392350196838379,True,True
1,1,0.8409191370010376,0.4381425976753235,0.26088829934597013,True,True
0,1,0.5291406512260437,0.6914478540420532,0.8914853930473328,False,False
1,1,0.787712812423706,0.5169712901115417,0.34201596975326537,True,True
1,1,0.9913606643676758,0.049651093780994415,0.018607089482247832,True,True
1,1,0.5480619668960571,0.6885201930999756,0.7390709757804871,True,True
0,0,0.47024717926979065,0.6913756132125854,0.77361980676651,False,False
1,1,0.7672125101089478,0.5426226258277893,0.37351598739624026,True,True
1,1,0.8104782104492188,0.48552876710891724,0.3072365790605545,True,True
1,1,0.9851329922676086,0.07732538133859634,0.030443705804646018,True,True
1,1,0.9867734909057617,0.07035033404827118,0.02738482523709536,True,True
0,0,0.47031623125076294,0.6913838386535645,0.7737518668174743,False,False
0,0,0.45819634199142456,0.6896480321884155,0.7507812261581421,False,True
1,1,0.9302492141723633,0.2529938220977783,0.12290152311325073,True,True
1,1,0.9726861119270325,0.12527723610401154,0.05274929441511631,True,True
0,0,0.47387710213661194,0.691781759262085,0.7805767297744751,False,False
1,1,0.7963932752609253,0.5053619146347046,0.3287345290184021,True,True
1,1,0.9786034822463989,0.10342544317245483,0.04231382980942726,True,True
0,1,0.8230827450752258,0.4666866362094879,1.8254105150699615,True,False
1,1,0.984592616558075,0.07958167046308517,0.031443644873797895,True,True
0,1,0.9970020055770874,0.02041126973927021,5.813893846049905,True,False
0,0,0.4647384583950043,0.6906583309173584,0.7631314873695374,False,True
1,1,0.7409740686416626,0.572035551071167,0.4141967475414276,True,True
1,1,0.9452966451644897,0.21213771402835846,0.0986840344965458,True,True
0,1,0.9494848251342773,0.20002934336662292,3.025487369298935,True,False
0,0,0.4579823613166809,0.6896120309829712,0.7503791451454163,False,True
1,1,0.9865673780441284,0.07123751193284988,0.0277711583301425,True,True
1,0,0.4876454472541809,0.6928418874740601,0.85673508644104,False,False
1,1,0.9952415227890015,0.030194643884897232,0.010808763466775418,True,True
0,1,0.6466584205627441,0.6494907140731812,1.1702181816101074,True,False
1,1,0.959187388420105,0.17051811516284943,0.0757724478840828,True,True
0,1,0.5300158262252808,0.6913442015647888,0.8933251023292541,False,False
1,1,0.8849750757217407,0.3568938970565796,0.19357457458972932,True,True
0,0,0.4547814428806305,0.689052164554596,0.7443789482116699,True,True
1,1,0.9958059191703796,0.027143999934196472,0.009631700441241266,True,True
1,1,0.9722639918327332,0.12678200006484985,0.05348431430757046,True,True
1,1,0.7072373628616333,0.6046068072319031,0.46731029748916625,True,True
0,1,0.5553220510482788,0.687013566493988,0.9478076696395874,True,False
1,1,0.9726463556289673,0.1254192441701889,0.05281856991350651,True,True
0,1,0.5328815579414368,0.690983235836029,0.8993690609931946,False,False
1,1,0.9756438136100769,0.11453960835933685,0.04756562560796738,True,True
0,0,0.4618907868862152,0.6902397274971008,0.7577417612075805,False,True
1,1,0.9647945165634155,0.15239538252353668,0.06631921157240868,True,True
1,1,0.57444828748703,0.6820207834243774,0.6907493472099304,True,True
1,1,0.8505560159683228,0.42174339294433594,0.24621368944644928,True,True
0,0,0.4687078893184662,0.6911875009536743,0.7706808686256409,False,False
1,1,0.9945951700210571,0.033605899661779404,0.0121406689286232,True,True
1,1,0.9191881418228149,0.2807477116584778,0.14041399210691452,True,True
1,1,0.957889199256897,0.17459531128406525,0.07794222757220268,True,True
1,1,0.9457759857177734,0.21076956391334534,0.09790345206856728,True,True
0,0,0.45237913727760315,0.6886047720909119,0.7398929715156555,True,True
0,1,0.9296642541885376,0.25450652837753296,2.7053765177726747,True,False
0,0,0.46691814064979553,0.6909567713737488,0.7672715902328491,False,True
1,1,0.9830490350723267,0.08592285215854645,0.03428084775805473,True,True
1,1,0.9830950498580933,0.08573595434427261,0.03419665992259979,True,True
1,1,0.8049785494804382,0.4934227466583252,0.3156241923570633,True,True
1,1,0.9521931409835815,0.19200631976127625,0.0873886488378048,True,True
1,1,0.9648865461349487,0.15209057927131653,0.06616286858916283,True,True
0,0,0.4581218659877777,0.6896355152130127,0.7506413340568543,False,True
1,1,0.973789393901825,0.12131236493587494,0.050822699442505836,True,True
1,1,0.9801687002182007,0.0973818227648735,0.03950694315135479,True,True
1,1,0.9351884722709656,0.24000629782676697,0.11500845104455948,True,True
0,1,0.800366222858429,0.49989429116249084,1.7112495243549346,True,False
0,1,0.6098929643630981,0.6687959432601929,1.0750933170318604,True,False
1,1,0.9556673169136047,0.18147723376750946,0.08164086863398552,True,True
1,1,0.9749673008918762,0.11702661216259003,0.048756667971611024,True,True
0,1,0.6651841402053833,0.637536883354187,1.2216820001602173,True,False
1,1,0.9575235247612,0.1757361888885498,0.07855222672224045,True,True
0,0,0.4586642384529114,0.6897259950637817,0.7516607880592346,False,True
1,1,0.9507228136062622,0.19638141989707947,0.08980901241302491,True,True
0,0,0.47827523946762085,0.6922029256820679,0.7890556812286377,False,False
1,1,0.9020004272460938,0.3206652104854584,0.16727332919836047,True,True
1,1,0.6920300722122192,0.6174666881561279,0.4916191935539246,True,True
1,1,0.8509522676467896,0.4210537075996399,0.24560998678207396,True,True
1,1,0.9538095593452454,0.18714162707328796,0.08471957445144654,True,True
0,0,0.45077913999557495,0.6882939338684082,0.7369133949279785,True,True
1,1,0.807813286781311,0.4893782138824463,0.3112999677658081,True,True
1,1,0.8649651408195496,0.3958469033241272,0.22423544824123381,True,True
1,1,0.9559831619262695,0.18050618469715118,0.0811162143945694,True,True
1,1,0.9973081350326538,0.01861739531159401,0.006418973626568914,True,True
0,1,0.6205836534500122,0.6637777090072632,1.1018766403198241,True,False
1,1,0.7135025858879089,0.5989856719970703,0.4573663413524628,True,True
0,0,0.4661390781402588,0.6908522844314575,0.7657903790473938,False,True
1,1,0.979533851146698,0.09984777122735977,0.04064803719520569,True,True
1,1,0.9818457365036011,0.09076617658138275,0.036474309861660004,True,True
0,0,0.4492725431919098,0.687991738319397,0.7341135263442993,True,True
1,1,0.6627678275108337,0.6391825079917908,0.5391670525074005,True,True
0,1,0.8246029019355774,0.4643416106700897,1.8335710704326629,True,False
0,0,0.4611720144748688,0.6901289224624634,0.7563846349716187,False,True
1,1,0.9367529153823853,0.2358100563287735,0.1124977394938469,True,True
1,1,0.9163643717765808,0.28756025433540344,0.14485325515270234,True,True
1,1,0.9114469289779663,0.29917728900909424,0.15255736708641052,True,True
1,1,0.8991347551345825,0.32697996497154236,0.17171835601329805,True,True
1,1,0.9276396632194519,0.25970205664634705,0.12705232948064804,True,True
0,0,0.4713710844516754,0.6915070414543152,0.7757699251174927,False,False
1,1,0.9820405840873718,0.08998756855726242,0.03612015694379807,True,True
1,1,0.9250127077102661,0.2663525342941284,0.13121830970048903,True,True
1,1,0.5102275013923645,0.692937970161438,0.8114861845970154,False,False
0,1,0.6256043314933777,0.661253809928894,1.1146929025650025,True,False
1,1,0.8722460865974426,0.3820945620536804,0.21310259997844697,True,True
1,1,0.8586274981498718,0.4074471592903137,0.23390953540802,True,True
1,1,0.9704371690750122,0.13321921229362488,0.05665246210992336,True,True
1,1,0.9740161895751953,0.12049148231744766,0.050425649434328076,True,True
0,0,0.458585262298584,0.6897128820419312,0.7515122532844544,False,True
1,1,0.9950141906738281,0.03140392154455185,0.011279064044356347,True,True
0,0,0.4703748822212219,0.691390872001648,0.7738640189170838,False,False
1,1,0.9941835403442383,0.035737186670303345,0.01298087825998664,True,True
1,1,0.953249454498291,0.18883390724658966,0.08564543426036836,True,True
1,0,0.4699249267578125,0.6913371086120605,0.8934497475624085,False,False
1,1,0.9355918765068054,0.2389281690120697,0.11436156332492828,True,True
